trait_no,try_no,kernel_name,nfolds,R2_test
1,1,1,10,0.008
1,2,1,10,0.009
1,3,1,10,0.015
1,4,1,10,0.011
1,5,1,10,0.014
1,6,1,10,0.033
1,7,1,10,0.007
1,8,1,10,0.01
1,9,1,10,0.011
1,10,1,10,0.009
1,1,2,10,0.006
1,2,2,10,0.007
1,3,2,10,0.011
1,4,2,10,0.01
1,5,2,10,0.012
1,6,2,10,0.01
1,7,2,10,0.005
1,8,2,10,0.007
1,9,2,10,0.011
1,10,2,10,0.005
2,1,1,10,0.215
2,2,1,10,0.198
2,3,1,10,0.216
2,4,1,10,0.214
2,5,1,10,0.214
2,6,1,10,0.208
2,7,1,10,0.204
2,8,1,10,0.203
2,9,1,10,0.213
2,10,1,10,0.209
2,1,2,10,0.186
2,2,2,10,0.14
2,3,2,10,0.178
2,4,2,10,0.174
2,5,2,10,0.146
2,6,2,10,0.181
2,7,2,10,0.105
2,8,2,10,0.135
2,9,2,10,0.122
2,10,2,10,0.158
3,1,1,10,0.266
3,2,1,10,0.272
3,3,1,10,0.262
3,4,1,10,0.266
3,5,1,10,0.263
3,6,1,10,0.273
3,7,1,10,0.271
3,8,1,10,0.261
3,9,1,10,0.261
3,10,1,10,0.267
3,1,2,10,0.062
3,2,2,10,0.083
3,3,2,10,0.082
3,4,2,10,0.041
3,5,2,10,0.031
3,6,2,10,0.04
3,7,2,10,0.054
3,8,2,10,0.065
3,9,2,10,0.06
3,10,2,10,0.02
4,1,1,10,0.272
4,2,1,10,0.287
4,3,1,10,0.277
4,4,1,10,0.271
4,5,1,10,0.275
4,6,1,10,0.266
4,7,1,10,0.278
4,8,1,10,0.286
4,9,1,10,0.275
4,10,1,10,0.28
4,1,2,10,0.256
4,2,2,10,0.273
4,3,2,10,0.256
4,4,2,10,0.259
4,5,2,10,0.25
4,6,2,10,0.256
4,7,2,10,0.254
4,8,2,10,0.274
4,9,2,10,0.264
4,10,2,10,0.261
5,1,1,10,0.437
5,2,1,10,0.427
5,3,1,10,0.435
5,4,1,10,0.426
5,5,1,10,0.435
5,6,1,10,0.439
5,7,1,10,0.43
5,8,1,10,0.426
5,9,1,10,0.423
5,10,1,10,0.433
5,1,2,10,0.115
5,2,2,10,0.137
5,3,2,10,0.158
5,4,2,10,0.113
5,5,2,10,0.14
5,6,2,10,0.085
5,7,2,10,0.054
5,8,2,10,0.161
5,9,2,10,0.091
5,10,2,10,0.137
6,1,1,10,0.452
6,2,1,10,0.456
6,3,1,10,0.463
6,4,1,10,0.459
6,5,1,10,0.457
6,6,1,10,0.458
6,7,1,10,0.467
6,8,1,10,0.453
6,9,1,10,0.461
6,10,1,10,0.454
6,1,2,10,0.478
6,2,2,10,0.483
6,3,2,10,0.47
6,4,2,10,0.483
6,5,2,10,0.478
6,6,2,10,0.481
6,7,2,10,0.48
6,8,2,10,0.488
6,9,2,10,0.491
6,10,2,10,0.485
7,1,1,10,0.327
7,2,1,10,0.315
7,3,1,10,0.313
7,4,1,10,0.33
7,5,1,10,0.31
7,6,1,10,0.298
7,7,1,10,0.326
7,8,1,10,0.319
7,9,1,10,0.334
7,10,1,10,0.321
7,1,2,10,0.337
7,2,2,10,0.335
7,3,2,10,0.305
7,4,2,10,0.308
7,5,2,10,0.304
7,6,2,10,0.327
7,7,2,10,0.342
7,8,2,10,0.326
7,9,2,10,0.347
7,10,2,10,0.3
8,1,1,10,0.473
8,2,1,10,0.468
8,3,1,10,0.466
8,4,1,10,0.47
8,5,1,10,0.47
8,6,1,10,0.463
8,7,1,10,0.471
8,8,1,10,0.458
8,9,1,10,0.468
8,10,1,10,0.466
8,1,2,10,0.514
8,2,2,10,0.496
8,3,2,10,0.503
8,4,2,10,0.504
8,5,2,10,0.5
8,6,2,10,0.5
8,7,2,10,0.507
8,8,2,10,0.498
8,9,2,10,0.506
8,10,2,10,0.506
9,1,1,10,0.455
9,2,1,10,0.466
9,3,1,10,0.47
9,4,1,10,0.465
9,5,1,10,0.473
9,6,1,10,0.473
9,7,1,10,0.46
9,8,1,10,0.461
9,9,1,10,0.47
9,10,1,10,0.459
9,1,2,10,0.463
9,2,2,10,0.465
9,3,2,10,0.475
9,4,2,10,0.466
9,5,2,10,0.47
9,6,2,10,0.479
9,7,2,10,0.464
9,8,2,10,0.468
9,9,2,10,0.47
9,10,2,10,0.465
10,1,1,10,0.309
10,2,1,10,0.375
10,3,1,10,0.352
10,4,1,10,0.373
10,5,1,10,0.36
10,6,1,10,0.36
10,7,1,10,0.315
10,8,1,10,0.371
10,9,1,10,0.363
10,10,1,10,0.368
10,1,2,10,0.003
10,2,2,10,0.034
10,3,2,10,0.086
10,4,2,10,0.041
10,5,2,10,0.077
10,6,2,10,0.003
10,7,2,10,0.053
10,8,2,10,0.069
10,9,2,10,0.031
10,10,2,10,0.062
11,1,1,10,0.447
11,2,1,10,0.438
11,3,1,10,0.442
11,4,1,10,0.44
11,5,1,10,0.442
11,6,1,10,0.443
11,7,1,10,0.442
11,8,1,10,0.457
11,9,1,10,0.443
11,10,1,10,0.433
11,1,2,10,0.025
11,2,2,10,0.031
11,3,2,10,0.045
11,4,2,10,0.034
11,5,2,10,0.004
11,6,2,10,0.034
11,7,2,10,0.051
11,8,2,10,0.038
11,9,2,10,0.104
11,10,2,10,0.002
12,1,1,10,0.163
12,2,1,10,0.187
12,3,1,10,0.199
12,4,1,10,0.195
12,5,1,10,0.207
12,6,1,10,0.206
12,7,1,10,0.197
12,8,1,10,0.189
12,9,1,10,0.172
12,10,1,10,0.174
12,1,2,10,0.002
12,2,2,10,0.001
12,3,2,10,0.001
12,4,2,10,0
12,5,2,10,0.003
12,6,2,10,0.001
12,7,2,10,0.003
12,8,2,10,0.004
12,9,2,10,0.009
12,10,2,10,0.001
13,1,1,10,0.191
13,2,1,10,0.194
13,3,1,10,0.189
13,4,1,10,0.188
13,5,1,10,0.197
13,6,1,10,0.206
13,7,1,10,0.192
13,8,1,10,0.178
13,9,1,10,0.196
13,10,1,10,0.19
13,1,2,10,0.196
13,2,2,10,0.203
13,3,2,10,0.186
13,4,2,10,0.2
13,5,2,10,0.197
13,6,2,10,0.225
13,7,2,10,0.199
13,8,2,10,0.189
13,9,2,10,0.203
13,10,2,10,0.203
14,1,1,10,0.34
14,2,1,10,0.336
14,3,1,10,0.335
14,4,1,10,0.343
14,5,1,10,0.319
14,6,1,10,0.33
14,7,1,10,0.323
14,8,1,10,0.325
14,9,1,10,0.335
14,10,1,10,0.335
14,1,2,10,0.063
14,2,2,10,0.04
14,3,2,10,0.039
14,4,2,10,0.072
14,5,2,10,0.001
14,6,2,10,0.112
14,7,2,10,0.068
14,8,2,10,0.025
14,9,2,10,0.079
14,10,2,10,0.084
15,1,1,10,0.078
15,2,1,10,0.119
15,3,1,10,0.103
15,4,1,10,0.098
15,5,1,10,0.078
15,6,1,10,0.139
15,7,1,10,0.105
15,8,1,10,0.103
15,9,1,10,0.088
15,10,1,10,0.121
15,1,2,10,0
15,2,2,10,0.012
15,3,2,10,0
15,4,2,10,0.001
15,5,2,10,0.004
15,6,2,10,0.003
15,7,2,10,0.001
15,8,2,10,0.001
15,9,2,10,0.001
15,10,2,10,0.001
16,1,1,10,0.283
16,2,1,10,0.282
16,3,1,10,0.277
16,4,1,10,0.275
16,5,1,10,0.274
16,6,1,10,0.296
16,7,1,10,0.273
16,8,1,10,0.271
16,9,1,10,0.255
16,10,1,10,0.27
16,1,2,10,0.302
16,2,2,10,0.328
16,3,2,10,0.283
16,4,2,10,0.284
16,5,2,10,0.329
16,6,2,10,0.309
16,7,2,10,0.314
16,8,2,10,0.287
16,9,2,10,0.305
16,10,2,10,0.329
17,1,1,10,0.227
17,2,1,10,0.248
17,3,1,10,0.234
17,4,1,10,0.216
17,5,1,10,0.237
17,6,1,10,0.255
17,7,1,10,0.176
17,8,1,10,0.252
17,9,1,10,0.227
17,10,1,10,0.21
17,1,2,10,0.01
17,2,2,10,0
17,3,2,10,0.005
17,4,2,10,0.01
17,5,2,10,0.006
17,6,2,10,0.009
17,7,2,10,0.016
17,8,2,10,0.003
17,9,2,10,0.002
17,10,2,10,0.008
18,1,1,10,0.542
18,2,1,10,0.526
18,3,1,10,0.525
18,4,1,10,0.533
18,5,1,10,0.532
18,6,1,10,0.533
18,7,1,10,0.534
18,8,1,10,0.53
18,9,1,10,0.528
18,10,1,10,0.541
18,1,2,10,0.542
18,2,2,10,0.542
18,3,2,10,0.537
18,4,2,10,0.549
18,5,2,10,0.538
18,6,2,10,0.533
18,7,2,10,0.541
18,8,2,10,0.529
18,9,2,10,0.536
18,10,2,10,0.548
19,1,1,10,0.537
19,2,1,10,0.536
19,3,1,10,0.542
19,4,1,10,0.521
19,5,1,10,0.546
19,6,1,10,0.545
19,7,1,10,0.546
19,8,1,10,0.547
19,9,1,10,0.548
19,10,1,10,0.553
19,1,2,10,0.559
19,2,2,10,0.561
19,3,2,10,0.563
19,4,2,10,0.546
19,5,2,10,0.562
19,6,2,10,0.56
19,7,2,10,0.557
19,8,2,10,0.566
19,9,2,10,0.573
19,10,2,10,0.566
20,1,1,10,0.591
20,2,1,10,0.573
20,3,1,10,0.585
20,4,1,10,0.575
20,5,1,10,0.597
20,6,1,10,0.589
20,7,1,10,0.585
20,8,1,10,0.573
20,9,1,10,0.579
20,10,1,10,0.576
20,1,2,10,0.676
20,2,2,10,0.664
20,3,2,10,0.669
20,4,2,10,0.667
20,5,2,10,0.678
20,6,2,10,0.664
20,7,2,10,0.663
20,8,2,10,0.663
20,9,2,10,0.672
20,10,2,10,0.658
21,1,1,10,0.233
21,2,1,10,0.211
21,3,1,10,0.242
21,4,1,10,0.239
21,5,1,10,0.232
21,6,1,10,0.23
21,7,1,10,0.236
21,8,1,10,0.235
21,9,1,10,0.243
21,10,1,10,0.245
21,1,2,10,0.001
21,2,2,10,0.004
21,3,2,10,0.018
21,4,2,10,0
21,5,2,10,0.016
21,6,2,10,0.015
21,7,2,10,0.001
21,8,2,10,0.001
21,9,2,10,0.032
21,10,2,10,0.009
22,1,1,10,0.349
22,2,1,10,0.35
22,3,1,10,0.354
22,4,1,10,0.351
22,5,1,10,0.349
22,6,1,10,0.357
22,7,1,10,0.357
22,8,1,10,0.353
22,9,1,10,0.366
22,10,1,10,0.35
22,1,2,10,0.084
22,2,2,10,0.098
22,3,2,10,0.116
22,4,2,10,0.1
22,5,2,10,0.059
22,6,2,10,0.056
22,7,2,10,0.151
22,8,2,10,0.075
22,9,2,10,0.136
22,10,2,10,0.19
23,1,1,10,0.483
23,2,1,10,0.482
23,3,1,10,0.473
23,4,1,10,0.478
23,5,1,10,0.475
23,6,1,10,0.473
23,7,1,10,0.467
23,8,1,10,0.479
23,9,1,10,0.477
23,10,1,10,0.484
23,1,2,10,0.258
23,2,2,10,0.15
23,3,2,10,0.315
23,4,2,10,0.309
23,5,2,10,0.216
23,6,2,10,0.287
23,7,2,10,0.319
23,8,2,10,0.246
23,9,2,10,0.353
23,10,2,10,0.29
24,1,1,10,0.213
24,2,1,10,0.203
24,3,1,10,0.191
24,4,1,10,0.197
24,5,1,10,0.192
24,6,1,10,0.205
24,7,1,10,0.197
24,8,1,10,0.208
24,9,1,10,0.204
24,10,1,10,0.203
24,1,2,10,0.189
24,2,2,10,0.172
24,3,2,10,0.185
24,4,2,10,0.179
24,5,2,10,0.182
24,6,2,10,0.188
24,7,2,10,0.181
24,8,2,10,0.194
24,9,2,10,0.167
24,10,2,10,0.185
25,1,1,10,0.389
25,2,1,10,0.377
25,3,1,10,0.378
25,4,1,10,0.384
25,5,1,10,0.386
25,6,1,10,0.377
25,7,1,10,0.384
25,8,1,10,0.384
25,9,1,10,0.387
25,10,1,10,0.383
25,1,2,10,0.402
25,2,2,10,0.345
25,3,2,10,0.383
25,4,2,10,0.395
25,5,2,10,0.379
25,6,2,10,0.39
25,7,2,10,0.38
25,8,2,10,0.392
25,9,2,10,0.384
25,10,2,10,0.397
26,1,1,10,0.583
26,2,1,10,0.569
26,3,1,10,0.58
26,4,1,10,0.582
26,5,1,10,0.577
26,6,1,10,0.577
26,7,1,10,0.573
26,8,1,10,0.574
26,9,1,10,0.564
26,10,1,10,0.575
26,1,2,10,0.065
26,2,2,10,0.003
26,3,2,10,0
26,4,2,10,0
26,5,2,10,0.001
26,6,2,10,0.111
26,7,2,10,0.048
26,8,2,10,0.037
26,9,2,10,0.041
26,10,2,10,0.17
27,1,1,10,0.427
27,2,1,10,0.436
27,3,1,10,0.431
27,4,1,10,0.415
27,5,1,10,0.433
27,6,1,10,0.429
27,7,1,10,0.431
27,8,1,10,0.441
27,9,1,10,0.442
27,10,1,10,0.436
27,1,2,10,0.138
27,2,2,10,0.057
27,3,2,10,0.103
27,4,2,10,0.056
27,5,2,10,0.045
27,6,2,10,0.11
27,7,2,10,0.039
27,8,2,10,0.057
27,9,2,10,0.087
27,10,2,10,0.043
28,1,1,10,0.377
28,2,1,10,0.385
28,3,1,10,0.376
28,4,1,10,0.38
28,5,1,10,0.374
28,6,1,10,0.357
28,7,1,10,0.378
28,8,1,10,0.373
28,9,1,10,0.366
28,10,1,10,0.371
28,1,2,10,0.323
28,2,2,10,0.37
28,3,2,10,0.378
28,4,2,10,0.375
28,5,2,10,0.366
28,6,2,10,0.347
28,7,2,10,0.368
28,8,2,10,0.371
28,9,2,10,0.367
28,10,2,10,0.361
29,1,1,10,0.353
29,2,1,10,0.35
29,3,1,10,0.35
29,4,1,10,0.355
29,5,1,10,0.354
29,6,1,10,0.338
29,7,1,10,0.353
29,8,1,10,0.353
29,9,1,10,0.36
29,10,1,10,0.35
29,1,2,10,0.111
29,2,2,10,0.088
29,3,2,10,0.067
29,4,2,10,0.136
29,5,2,10,0
29,6,2,10,0.037
29,7,2,10,0.076
29,8,2,10,0.022
29,9,2,10,0.11
29,10,2,10,0.053
30,1,1,10,0.327
30,2,1,10,0.317
30,3,1,10,0.331
30,4,1,10,0.325
30,5,1,10,0.343
30,6,1,10,0.319
30,7,1,10,0.32
30,8,1,10,0.334
30,9,1,10,0.334
30,10,1,10,0.342
30,1,2,10,0.318
30,2,2,10,0.325
30,3,2,10,0.339
30,4,2,10,0.335
30,5,2,10,0.339
30,6,2,10,0.317
30,7,2,10,0.315
30,8,2,10,0.335
30,9,2,10,0.322
30,10,2,10,0.336
31,1,1,10,0.472
31,2,1,10,0.465
31,3,1,10,0.475
31,4,1,10,0.459
31,5,1,10,0.476
31,6,1,10,0.48
31,7,1,10,0.474
31,8,1,10,0.477
31,9,1,10,0.465
31,10,1,10,0.476
31,1,2,10,0.487
31,2,2,10,0.483
31,3,2,10,0.49
31,4,2,10,0.48
31,5,2,10,0.497
31,6,2,10,0.485
31,7,2,10,0.491
31,8,2,10,0.496
31,9,2,10,0.484
31,10,2,10,0.492
32,1,1,10,0.586
32,2,1,10,0.569
32,3,1,10,0.579
32,4,1,10,0.572
32,5,1,10,0.589
32,6,1,10,0.573
32,7,1,10,0.592
32,8,1,10,0.594
32,9,1,10,0.587
32,10,1,10,0.581
32,1,2,10,0.615
32,2,2,10,0.606
32,3,2,10,0.605
32,4,2,10,0.612
32,5,2,10,0.614
32,6,2,10,0.61
32,7,2,10,0.621
32,8,2,10,0.618
32,9,2,10,0.622
32,10,2,10,0.609
33,1,1,10,0.324
33,2,1,10,0.337
33,3,1,10,0.323
33,4,1,10,0.33
33,5,1,10,0.331
33,6,1,10,0.34
33,7,1,10,0.325
33,8,1,10,0.339
33,9,1,10,0.329
33,10,1,10,0.332
33,1,2,10,0.009
33,2,2,10,0.006
33,3,2,10,0.005
33,4,2,10,0.015
33,5,2,10,0.002
33,6,2,10,0.002
33,7,2,10,0.007
33,8,2,10,0.004
33,9,2,10,0.006
33,10,2,10,0.012
34,1,1,10,0.496
34,2,1,10,0.477
34,3,1,10,0.488
34,4,1,10,0.485
34,5,1,10,0.486
34,6,1,10,0.483
34,7,1,10,0.461
34,8,1,10,0.479
34,9,1,10,0.482
34,10,1,10,0.472
34,1,2,10,0.001
34,2,2,10,0.004
34,3,2,10,0.009
34,4,2,10,0.003
34,5,2,10,0.005
34,6,2,10,0.002
34,7,2,10,0.001
34,8,2,10,0.003
34,9,2,10,0
34,10,2,10,0.012
35,1,1,10,0.251
35,2,1,10,0.316
35,3,1,10,0.304
35,4,1,10,0.314
35,5,1,10,0.322
35,6,1,10,0.312
35,7,1,10,0.322
35,8,1,10,0.323
35,9,1,10,0.322
35,10,1,10,0.282
35,1,2,10,0.017
35,2,2,10,0.007
35,3,2,10,0.012
35,4,2,10,0.005
35,5,2,10,0.004
35,6,2,10,0.014
35,7,2,10,0.006
35,8,2,10,0.006
35,9,2,10,0.006
35,10,2,10,0.012
36,1,1,10,0.495
36,2,1,10,0.501
36,3,1,10,0.503
36,4,1,10,0.504
36,5,1,10,0.505
36,6,1,10,0.5
36,7,1,10,0.495
36,8,1,10,0.494
36,9,1,10,0.498
36,10,1,10,0.499
36,1,2,10,0.001
36,2,2,10,0.112
36,3,2,10,0.002
36,4,2,10,0.195
36,5,2,10,0.164
36,6,2,10,0.097
36,7,2,10,0.006
36,8,2,10,0.093
36,9,2,10,0.027
36,10,2,10,0.116
37,1,1,10,0.274
37,2,1,10,0.277
37,3,1,10,0.29
37,4,1,10,0.3
37,5,1,10,0.284
37,6,1,10,0.292
37,7,1,10,0.289
37,8,1,10,0.289
37,9,1,10,0.287
37,10,1,10,0.291
37,1,2,10,0.279
37,2,2,10,0.283
37,3,2,10,0.295
37,4,2,10,0.294
37,5,2,10,0.287
37,6,2,10,0.288
37,7,2,10,0.293
37,8,2,10,0.28
37,9,2,10,0.291
37,10,2,10,0.296
38,1,1,10,0.439
38,2,1,10,0.447
38,3,1,10,0.428
38,4,1,10,0.455
38,5,1,10,0.44
38,6,1,10,0.442
38,7,1,10,0.436
38,8,1,10,0.446
38,9,1,10,0.448
38,10,1,10,0.437
38,1,2,10,0.451
38,2,2,10,0.457
38,3,2,10,0.45
38,4,2,10,0.466
38,5,2,10,0.457
38,6,2,10,0.459
38,7,2,10,0.452
38,8,2,10,0.464
38,9,2,10,0.455
38,10,2,10,0.451
39,1,1,10,0.206
39,2,1,10,0.212
39,3,1,10,0.211
39,4,1,10,0.224
39,5,1,10,0.204
39,6,1,10,0.201
39,7,1,10,0.215
39,8,1,10,0.217
39,9,1,10,0.211
39,10,1,10,0.214
39,1,2,10,0.494
39,2,2,10,0.515
39,3,2,10,0.493
39,4,2,10,0.512
39,5,2,10,0.49
39,6,2,10,0.509
39,7,2,10,0.5
39,8,2,10,0.505
39,9,2,10,0.504
39,10,2,10,0.496
40,1,1,10,0.178
40,2,1,10,0.166
40,3,1,10,0.168
40,4,1,10,0.18
40,5,1,10,0.175
40,6,1,10,0.172
40,7,1,10,0.167
40,8,1,10,0.163
40,9,1,10,0.164
40,10,1,10,0.164
40,1,2,10,0.004
40,2,2,10,0.003
40,3,2,10,0.008
40,4,2,10,0.007
40,5,2,10,0.013
40,6,2,10,0.015
40,7,2,10,0.003
40,8,2,10,0.008
40,9,2,10,0.006
40,10,2,10,0.001
41,1,1,10,0.315
41,2,1,10,0.313
41,3,1,10,0.32
41,4,1,10,0.299
41,5,1,10,0.323
41,6,1,10,0.31
41,7,1,10,0.323
41,8,1,10,0.313
41,9,1,10,0.327
41,10,1,10,0.304
41,1,2,10,0.021
41,2,2,10,0.01
41,3,2,10,0.048
41,4,2,10,0.033
41,5,2,10,0.006
41,6,2,10,0.023
41,7,2,10,0.048
41,8,2,10,0.031
41,9,2,10,0.03
41,10,2,10,0.043
42,1,1,10,0.258
42,2,1,10,0.25
42,3,1,10,0.244
42,4,1,10,0.266
42,5,1,10,0.255
42,6,1,10,0.245
42,7,1,10,0.254
42,8,1,10,0.254
42,9,1,10,0.251
42,10,1,10,0.259
42,1,2,10,0.494
42,2,2,10,0.494
42,3,2,10,0.488
42,4,2,10,0.511
42,5,2,10,0.506
42,6,2,10,0.489
42,7,2,10,0.496
42,8,2,10,0.497
42,9,2,10,0.486
42,10,2,10,0.505
43,1,1,10,0.3
43,2,1,10,0.313
43,3,1,10,0.272
43,4,1,10,0.332
43,5,1,10,0.297
43,6,1,10,0.274
43,7,1,10,0.306
43,8,1,10,0.307
43,9,1,10,0.334
43,10,1,10,0.319
43,1,2,10,0.002
43,2,2,10,0.006
43,3,2,10,0.008
43,4,2,10,0.001
43,5,2,10,0.002
43,6,2,10,0.015
43,7,2,10,0.006
43,8,2,10,0.001
43,9,2,10,0.004
43,10,2,10,0
44,1,1,10,0.558
44,2,1,10,0.552
44,3,1,10,0.556
44,4,1,10,0.561
44,5,1,10,0.561
44,6,1,10,0.549
44,7,1,10,0.555
44,8,1,10,0.551
44,9,1,10,0.545
44,10,1,10,0.566
44,1,2,10,0.259
44,2,2,10,0.193
44,3,2,10,0.053
44,4,2,10,0.399
44,5,2,10,0.225
44,6,2,10,0.245
44,7,2,10,0.223
44,8,2,10,0.223
44,9,2,10,0.428
44,10,2,10,0.225
45,1,1,10,0.389
45,2,1,10,0.391
45,3,1,10,0.389
45,4,1,10,0.404
45,5,1,10,0.391
45,6,1,10,0.403
45,7,1,10,0.389
45,8,1,10,0.402
45,9,1,10,0.406
45,10,1,10,0.394
45,1,2,10,0.341
45,2,2,10,0.37
45,3,2,10,0.387
45,4,2,10,0.378
45,5,2,10,0.393
45,6,2,10,0.418
45,7,2,10,0.378
45,8,2,10,0.354
45,9,2,10,0.42
45,10,2,10,0.41
46,1,1,10,0.458
46,2,1,10,0.445
46,3,1,10,0.454
46,4,1,10,0.44
46,5,1,10,0.453
46,6,1,10,0.456
46,7,1,10,0.459
46,8,1,10,0.447
46,9,1,10,0.45
46,10,1,10,0.46
46,1,2,10,0.253
46,2,2,10,0.355
46,3,2,10,0.321
46,4,2,10,0.356
46,5,2,10,0.311
46,6,2,10,0.337
46,7,2,10,0.249
46,8,2,10,0.242
46,9,2,10,0.246
46,10,2,10,0.255
1,1,23,10,0.005
1,2,23,10,0.005
1,3,23,10,0.009
1,4,23,10,0.01
1,5,23,10,0.012
1,6,23,10,0.011
1,7,23,10,0.005
1,8,23,10,0.007
1,9,23,10,0.01
1,10,23,10,0.005
2,1,23,10,0.007
2,2,23,10,0.011
2,3,23,10,0.01
2,4,23,10,0.006
2,5,23,10,0.012
2,6,23,10,0.007
2,7,23,10,0.003
2,8,23,10,0.008
2,9,23,10,0.008
2,10,23,10,0.005
3,1,23,10,0.008
3,2,23,10,0.01
3,3,23,10,0.001
3,4,23,10,0.002
3,5,23,10,0.003
3,6,23,10,0.002
3,7,23,10,0.003
3,8,23,10,0.005
3,9,23,10,0.006
3,10,23,10,0.001
4,1,23,10,0.004
4,2,23,10,0.007
4,3,23,10,0.002
4,4,23,10,0.009
4,5,23,10,0.007
4,6,23,10,0.001
4,7,23,10,0.007
4,8,23,10,0.006
4,9,23,10,0.007
4,10,23,10,0
5,1,23,10,0.005
5,2,23,10,0.005
5,3,23,10,0.017
5,4,23,10,0.008
5,5,23,10,0.002
5,6,23,10,0.006
5,7,23,10,0.003
5,8,23,10,0.014
5,9,23,10,0.003
5,10,23,10,0.002
6,1,23,10,0.109
6,2,23,10,0.14
6,3,23,10,0.134
6,4,23,10,0.095
6,5,23,10,0.118
6,6,23,10,0.138
6,7,23,10,0.131
6,8,23,10,0.103
6,9,23,10,0.14
6,10,23,10,0.101
7,1,23,10,0.011
7,2,23,10,0.004
7,3,23,10,0.008
7,4,23,10,0.01
7,5,23,10,0.004
7,6,23,10,0.003
7,7,23,10,0.01
7,8,23,10,0.007
7,9,23,10,0.002
7,10,23,10,0.006
8,1,23,10,0.001
8,2,23,10,0.001
8,3,23,10,0
8,4,23,10,0.003
8,5,23,10,0
8,6,23,10,0.001
8,7,23,10,0.012
8,8,23,10,0.002
8,9,23,10,0.001
8,10,23,10,0.001
9,1,23,10,0.012
9,2,23,10,0.006
9,3,23,10,0.001
9,4,23,10,0.002
9,5,23,10,0.007
9,6,23,10,0.028
9,7,23,10,0.008
9,8,23,10,0.006
9,9,23,10,0.008
9,10,23,10,0.003
10,1,23,10,0.005
10,2,23,10,0.006
10,3,23,10,0.007
10,4,23,10,0.005
10,5,23,10,0.007
10,6,23,10,0.004
10,7,23,10,0.01
10,8,23,10,0.006
10,9,23,10,0.004
10,10,23,10,0.005
11,1,23,10,0.005
11,2,23,10,0.009
11,3,23,10,0.003
11,4,23,10,0.007
11,5,23,10,0.008
11,6,23,10,0.005
11,7,23,10,0.011
11,8,23,10,0.005
11,9,23,10,0.002
11,10,23,10,0.006
12,1,23,10,0.004
12,2,23,10,0.004
12,3,23,10,0.003
12,4,23,10,0.002
12,5,23,10,0.006
12,6,23,10,0.003
12,7,23,10,0.006
12,8,23,10,0.007
12,9,23,10,0.013
12,10,23,10,0.004
13,1,23,10,0.054
13,2,23,10,0.059
13,3,23,10,0.058
13,4,23,10,0.059
13,5,23,10,0.052
13,6,23,10,0.068
13,7,23,10,0.057
13,8,23,10,0.05
13,9,23,10,0.051
13,10,23,10,0.07
14,1,23,10,0.017
14,2,23,10,0.002
14,3,23,10,0.001
14,4,23,10,0.005
14,5,23,10,0.002
14,6,23,10,0.007
14,7,23,10,0.007
14,8,23,10,0.003
14,9,23,10,0.004
14,10,23,10,0.004
15,1,23,10,0.004
15,2,23,10,0.009
15,3,23,10,0.004
15,4,23,10,0.005
15,5,23,10,0.007
15,6,23,10,0.005
15,7,23,10,0.001
15,8,23,10,0.005
15,9,23,10,0.002
15,10,23,10,0.001
16,1,23,10,0.008
16,2,23,10,0.008
16,3,23,10,0.002
16,4,23,10,0.001
16,5,23,10,0.004
16,6,23,10,0.006
16,7,23,10,0.007
16,8,23,10,0.008
16,9,23,10,0.005
16,10,23,10,0.001
17,1,23,10,0.01
17,2,23,10,0.001
17,3,23,10,0.006
17,4,23,10,0.01
17,5,23,10,0.007
17,6,23,10,0.01
17,7,23,10,0.018
17,8,23,10,0.004
17,9,23,10,0.004
17,10,23,10,0.009
18,1,23,10,0.057
18,2,23,10,0.091
18,3,23,10,0.092
18,4,23,10,0.126
18,5,23,10,0.06
18,6,23,10,0.07
18,7,23,10,0.061
18,8,23,10,0.14
18,9,23,10,0.119
18,10,23,10,0.079
19,1,23,10,0.005
19,2,23,10,0.01
19,3,23,10,0.009
19,4,23,10,0.001
19,5,23,10,0.007
19,6,23,10,0.003
19,7,23,10,0.002
19,8,23,10,0.011
19,9,23,10,0.011
19,10,23,10,0.005
20,1,23,10,0.013
20,2,23,10,0.001
20,3,23,10,0.039
20,4,23,10,0
20,5,23,10,0.003
20,6,23,10,0.014
20,7,23,10,0.024
20,8,23,10,0.035
20,9,23,10,0.01
20,10,23,10,0.015
21,1,23,10,0.002
21,2,23,10,0.008
21,3,23,10,0.004
21,4,23,10,0.002
21,5,23,10,0.012
21,6,23,10,0.006
21,7,23,10,0.005
21,8,23,10,0.001
21,9,23,10,0.013
21,10,23,10,0.011
22,1,23,10,0.005
22,2,23,10,0.005
22,3,23,10,0.006
22,4,23,10,0.01
22,5,23,10,0.015
22,6,23,10,0.003
22,7,23,10,0.005
22,8,23,10,0.005
22,9,23,10,0.008
22,10,23,10,0.006
23,1,23,10,0.006
23,2,23,10,0.004
23,3,23,10,0.005
23,4,23,10,0.005
23,5,23,10,0.002
23,6,23,10,0.003
23,7,23,10,0.003
23,8,23,10,0.006
23,9,23,10,0.007
23,10,23,10,0.006
24,1,23,10,0.004
24,2,23,10,0.017
24,3,23,10,0.001
24,4,23,10,0.01
24,5,23,10,0.006
24,6,23,10,0.004
24,7,23,10,0.009
24,8,23,10,0.006
24,9,23,10,0.002
24,10,23,10,0.005
25,1,23,10,0.01
25,2,23,10,0.008
25,3,23,10,0.009
25,4,23,10,0.004
25,5,23,10,0.005
25,6,23,10,0.004
25,7,23,10,0
25,8,23,10,0.008
25,9,23,10,0.001
25,10,23,10,0.003
26,1,23,10,0.003
26,2,23,10,0.004
26,3,23,10,0.002
26,4,23,10,0.003
26,5,23,10,0.005
26,6,23,10,0.007
26,7,23,10,0.006
26,8,23,10,0.015
26,9,23,10,0.007
26,10,23,10,0.014
27,1,23,10,0.011
27,2,23,10,0.008
27,3,23,10,0.007
27,4,23,10,0.001
27,5,23,10,0.006
27,6,23,10,0.006
27,7,23,10,0.004
27,8,23,10,0.005
27,9,23,10,0.005
27,10,23,10,0.007
28,1,23,10,0.007
28,2,23,10,0.004
28,3,23,10,0.001
28,4,23,10,0.005
28,5,23,10,0.016
28,6,23,10,0.008
28,7,23,10,0.003
28,8,23,10,0.003
28,9,23,10,0.009
28,10,23,10,0.01
29,1,23,10,0.007
29,2,23,10,0.007
29,3,23,10,0.009
29,4,23,10,0.004
29,5,23,10,0
29,6,23,10,0.005
29,7,23,10,0.004
29,8,23,10,0.001
29,9,23,10,0.009
29,10,23,10,0.003
30,1,23,10,0.016
30,2,23,10,0.01
30,3,23,10,0.001
30,4,23,10,0.001
30,5,23,10,0
30,6,23,10,0
30,7,23,10,0.004
30,8,23,10,0
30,9,23,10,0.005
30,10,23,10,0.009
31,1,23,10,0.011
31,2,23,10,0
31,3,23,10,0.002
31,4,23,10,0.002
31,5,23,10,0.002
31,6,23,10,0.003
31,7,23,10,0.002
31,8,23,10,0.001
31,9,23,10,0.001
31,10,23,10,0.003
32,1,23,10,0.007
32,2,23,10,0.004
32,3,23,10,0.006
32,4,23,10,0.017
32,5,23,10,0.002
32,6,23,10,0.004
32,7,23,10,0.002
32,8,23,10,0.008
32,9,23,10,0.003
32,10,23,10,0.005
33,1,23,10,0.016
33,2,23,10,0.01
33,3,23,10,0.007
33,4,23,10,0.016
33,5,23,10,0.003
33,6,23,10,0.003
33,7,23,10,0.009
33,8,23,10,0.006
33,9,23,10,0.007
33,10,23,10,0.008
34,1,23,10,0.005
34,2,23,10,0.006
34,3,23,10,0.011
34,4,23,10,0.007
34,5,23,10,0.007
34,6,23,10,0.006
34,7,23,10,0.001
34,8,23,10,0.004
34,9,23,10,0.003
34,10,23,10,0.015
35,1,23,10,0.016
35,2,23,10,0.008
35,3,23,10,0.012
35,4,23,10,0.006
35,5,23,10,0.003
35,6,23,10,0.014
35,7,23,10,0.004
35,8,23,10,0.005
35,9,23,10,0.006
35,10,23,10,0.012
36,1,23,10,0
36,2,23,10,0.006
36,3,23,10,0.002
36,4,23,10,0.012
36,5,23,10,0.007
36,6,23,10,0.009
36,7,23,10,0.004
36,8,23,10,0.003
36,9,23,10,0
36,10,23,10,0.005
37,1,23,10,0.033
37,2,23,10,0.006
37,3,23,10,0.008
37,4,23,10,0.022
37,5,23,10,0.029
37,6,23,10,0.014
37,7,23,10,0.023
37,8,23,10,0.027
37,9,23,10,0.025
37,10,23,10,0.002
38,1,23,10,0
38,2,23,10,0.001
38,3,23,10,0.001
38,4,23,10,0.001
38,5,23,10,0.001
38,6,23,10,0
38,7,23,10,0
38,8,23,10,0.004
38,9,23,10,0.01
38,10,23,10,0.002
39,1,23,10,0.109
39,2,23,10,0.104
39,3,23,10,0.093
39,4,23,10,0.105
39,5,23,10,0.114
39,6,23,10,0.099
39,7,23,10,0.095
39,8,23,10,0.09
39,9,23,10,0.101
39,10,23,10,0.103
40,1,23,10,0.005
40,2,23,10,0.007
40,3,23,10,0.011
40,4,23,10,0.006
40,5,23,10,0.013
40,6,23,10,0.019
40,7,23,10,0.009
40,8,23,10,0.01
40,9,23,10,0.005
40,10,23,10,0.003
41,1,23,10,0.008
41,2,23,10,0.011
41,3,23,10,0.003
41,4,23,10,0.005
41,5,23,10,0.009
41,6,23,10,0.01
41,7,23,10,0.009
41,8,23,10,0.011
41,9,23,10,0.014
41,10,23,10,0.008
42,1,23,10,0.115
42,2,23,10,0.103
42,3,23,10,0.117
42,4,23,10,0.114
42,5,23,10,0.107
42,6,23,10,0.115
42,7,23,10,0.115
42,8,23,10,0.094
42,9,23,10,0.112
42,10,23,10,0.123
43,1,23,10,0.004
43,2,23,10,0.004
43,3,23,10,0.011
43,4,23,10,0.002
43,5,23,10,0.004
43,6,23,10,0.015
43,7,23,10,0.005
43,8,23,10,0.004
43,9,23,10,0.007
43,10,23,10,0
44,1,23,10,0.009
44,2,23,10,0.003
44,3,23,10,0.005
44,4,23,10,0.004
44,5,23,10,0.008
44,6,23,10,0.006
44,7,23,10,0.006
44,8,23,10,0.008
44,9,23,10,0.006
44,10,23,10,0.005
45,1,23,10,0.014
45,2,23,10,0.004
45,3,23,10,0.013
45,4,23,10,0.006
45,5,23,10,0.013
45,6,23,10,0.004
45,7,23,10,0.015
45,8,23,10,0.016
45,9,23,10,0.007
45,10,23,10,0.006
46,1,23,10,0.008
46,2,23,10,0
46,3,23,10,0.013
46,4,23,10,0.01
46,5,23,10,0.001
46,6,23,10,0
46,7,23,10,0.002
46,8,23,10,0.005
46,9,23,10,0.002
46,10,23,10,0.003
1,1,22,10,0.245
1,2,22,10,0.129
1,3,22,10,0.18
1,4,22,10,0.153
1,5,22,10,0.176
1,6,22,10,0.141
1,7,22,10,0.18
1,8,22,10,0.191
1,9,22,10,0.212
1,10,22,10,0.129
2,1,22,10,0.212
2,2,22,10,0.209
2,3,22,10,0.216
2,4,22,10,0.208
2,5,22,10,0.224
2,6,22,10,0.218
2,7,22,10,0.209
2,8,22,10,0.205
2,9,22,10,0.214
2,10,22,10,0.217
3,1,22,10,0.258
3,2,22,10,0.282
3,3,22,10,0.264
3,4,22,10,0.265
3,5,22,10,0.271
3,6,22,10,0.284
3,7,22,10,0.265
3,8,22,10,0.275
3,9,22,10,0.265
3,10,22,10,0.265
4,1,22,10,0.267
4,2,22,10,0.286
4,3,22,10,0.268
4,4,22,10,0.27
4,5,22,10,0.265
4,6,22,10,0.267
4,7,22,10,0.266
4,8,22,10,0.276
4,9,22,10,0.27
4,10,22,10,0.273
5,1,22,10,0.466
5,2,22,10,0.45
5,3,22,10,0.466
5,4,22,10,0.456
5,5,22,10,0.457
5,6,22,10,0.459
5,7,22,10,0.456
5,8,22,10,0.46
5,9,22,10,0.449
5,10,22,10,0.466
6,1,22,10,0.476
6,2,22,10,0.482
6,3,22,10,0.467
6,4,22,10,0.478
6,5,22,10,0.475
6,6,22,10,0.473
6,7,22,10,0.479
6,8,22,10,0.487
6,9,22,10,0.489
6,10,22,10,0.48
7,1,22,10,0.355
7,2,22,10,0.354
7,3,22,10,0.354
7,4,22,10,0.376
7,5,22,10,0.34
7,6,22,10,0.346
7,7,22,10,0.364
7,8,22,10,0.348
7,9,22,10,0.363
7,10,22,10,0.34
8,1,22,10,0.511
8,2,22,10,0.496
8,3,22,10,0.503
8,4,22,10,0.501
8,5,22,10,0.499
8,6,22,10,0.497
8,7,22,10,0.506
8,8,22,10,0.495
8,9,22,10,0.504
8,10,22,10,0.505
9,1,22,10,0.471
9,2,22,10,0.472
9,3,22,10,0.483
9,4,22,10,0.472
9,5,22,10,0.477
9,6,22,10,0.483
9,7,22,10,0.47
9,8,22,10,0.471
9,9,22,10,0.477
9,10,22,10,0.469
10,1,22,10,0.396
10,2,22,10,0.414
10,3,22,10,0.389
10,4,22,10,0.409
10,5,22,10,0.401
10,6,22,10,0.398
10,7,22,10,0.395
10,8,22,10,0.412
10,9,22,10,0.4
10,10,22,10,0.396
11,1,22,10,0.463
11,2,22,10,0.461
11,3,22,10,0.462
11,4,22,10,0.465
11,5,22,10,0.462
11,6,22,10,0.476
11,7,22,10,0.465
11,8,22,10,0.474
11,9,22,10,0.475
11,10,22,10,0.476
12,1,22,10,0.239
12,2,22,10,0.234
12,3,22,10,0.243
12,4,22,10,0.243
12,5,22,10,0.235
12,6,22,10,0.243
12,7,22,10,0.233
12,8,22,10,0.239
12,9,22,10,0.25
12,10,22,10,0.233
13,1,22,10,0.215
13,2,22,10,0.219
13,3,22,10,0.209
13,4,22,10,0.214
13,5,22,10,0.214
13,6,22,10,0.239
13,7,22,10,0.214
13,8,22,10,0.204
13,9,22,10,0.217
13,10,22,10,0.218
14,1,22,10,0.376
14,2,22,10,0.383
14,3,22,10,0.392
14,4,22,10,0.397
14,5,22,10,0.363
14,6,22,10,0.384
14,7,22,10,0.375
14,8,22,10,0.372
14,9,22,10,0.37
14,10,22,10,0.375
15,1,22,10,0.201
15,2,22,10,0.201
15,3,22,10,0.179
15,4,22,10,0.182
15,5,22,10,0.19
15,6,22,10,0.173
15,7,22,10,0.184
15,8,22,10,0.193
15,9,22,10,0.198
15,10,22,10,0.18
16,1,22,10,0.341
16,2,22,10,0.332
16,3,22,10,0.337
16,4,22,10,0.337
16,5,22,10,0.331
16,6,22,10,0.337
16,7,22,10,0.342
16,8,22,10,0.337
16,9,22,10,0.308
16,10,22,10,0.33
17,1,22,10,0.313
17,2,22,10,0.307
17,3,22,10,0.306
17,4,22,10,0.311
17,5,22,10,0.298
17,6,22,10,0.306
17,7,22,10,0.304
17,8,22,10,0.297
17,9,22,10,0.297
17,10,22,10,0.292
18,1,22,10,0.55
18,2,22,10,0.549
18,3,22,10,0.543
18,4,22,10,0.555
18,5,22,10,0.547
18,6,22,10,0.541
18,7,22,10,0.547
18,8,22,10,0.54
18,9,22,10,0.545
18,10,22,10,0.555
19,1,22,10,0.561
19,2,22,10,0.562
19,3,22,10,0.568
19,4,22,10,0.546
19,5,22,10,0.565
19,6,22,10,0.56
19,7,22,10,0.565
19,8,22,10,0.57
19,9,22,10,0.574
19,10,22,10,0.568
20,1,22,10,0.66
20,2,22,10,0.647
20,3,22,10,0.655
20,4,22,10,0.653
20,5,22,10,0.663
20,6,22,10,0.652
20,7,22,10,0.65
20,8,22,10,0.649
20,9,22,10,0.657
20,10,22,10,0.645
21,1,22,10,0.237
21,2,22,10,0.238
21,3,22,10,0.242
21,4,22,10,0.248
21,5,22,10,0.233
21,6,22,10,0.231
21,7,22,10,0.239
21,8,22,10,0.24
21,9,22,10,0.242
21,10,22,10,0.248
22,1,22,10,0.396
22,2,22,10,0.399
22,3,22,10,0.388
22,4,22,10,0.385
22,5,22,10,0.398
22,6,22,10,0.403
22,7,22,10,0.398
22,8,22,10,0.389
22,9,22,10,0.405
22,10,22,10,0.394
23,1,22,10,0.507
23,2,22,10,0.523
23,3,22,10,0.505
23,4,22,10,0.512
23,5,22,10,0.51
23,6,22,10,0.508
23,7,22,10,0.506
23,8,22,10,0.507
23,9,22,10,0.512
23,10,22,10,0.513
24,1,22,10,0.176
24,2,22,10,0.175
24,3,22,10,0.174
24,4,22,10,0.177
24,5,22,10,0.178
24,6,22,10,0.181
24,7,22,10,0.184
24,8,22,10,0.183
24,9,22,10,0.173
24,10,22,10,0.183
25,1,22,10,0.405
25,2,22,10,0.396
25,3,22,10,0.387
25,4,22,10,0.401
25,5,22,10,0.39
25,6,22,10,0.398
25,7,22,10,0.392
25,8,22,10,0.402
25,9,22,10,0.398
25,10,22,10,0.407
26,1,22,10,0.588
26,2,22,10,0.593
26,3,22,10,0.592
26,4,22,10,0.596
26,5,22,10,0.595
26,6,22,10,0.595
26,7,22,10,0.592
26,8,22,10,0.593
26,9,22,10,0.585
26,10,22,10,0.591
27,1,22,10,0.451
27,2,22,10,0.449
27,3,22,10,0.444
27,4,22,10,0.454
27,5,22,10,0.442
27,6,22,10,0.44
27,7,22,10,0.447
27,8,22,10,0.453
27,9,22,10,0.45
27,10,22,10,0.448
28,1,22,10,0.377
28,2,22,10,0.367
28,3,22,10,0.383
28,4,22,10,0.374
28,5,22,10,0.375
28,6,22,10,0.353
28,7,22,10,0.377
28,8,22,10,0.378
28,9,22,10,0.374
28,10,22,10,0.359
29,1,22,10,0.385
29,2,22,10,0.388
29,3,22,10,0.389
29,4,22,10,0.396
29,5,22,10,0.391
29,6,22,10,0.387
29,7,22,10,0.387
29,8,22,10,0.398
29,9,22,10,0.386
29,10,22,10,0.388
30,1,22,10,0.337
30,2,22,10,0.341
30,3,22,10,0.359
30,4,22,10,0.355
30,5,22,10,0.358
30,6,22,10,0.339
30,7,22,10,0.337
30,8,22,10,0.356
30,9,22,10,0.346
30,10,22,10,0.359
31,1,22,10,0.496
31,2,22,10,0.49
31,3,22,10,0.496
31,4,22,10,0.486
31,5,22,10,0.503
31,6,22,10,0.496
31,7,22,10,0.498
31,8,22,10,0.5
31,9,22,10,0.495
31,10,22,10,0.499
32,1,22,10,0.605
32,2,22,10,0.599
32,3,22,10,0.599
32,4,22,10,0.604
32,5,22,10,0.603
32,6,22,10,0.603
32,7,22,10,0.613
32,8,22,10,0.611
32,9,22,10,0.612
32,10,22,10,0.602
33,1,22,10,0.353
33,2,22,10,0.352
33,3,22,10,0.356
33,4,22,10,0.347
33,5,22,10,0.362
33,6,22,10,0.354
33,7,22,10,0.364
33,8,22,10,0.366
33,9,22,10,0.367
33,10,22,10,0.344
34,1,22,10,0.495
34,2,22,10,0.504
34,3,22,10,0.504
34,4,22,10,0.512
34,5,22,10,0.501
34,6,22,10,0.501
34,7,22,10,0.5
34,8,22,10,0.496
34,9,22,10,0.499
34,10,22,10,0.493
35,1,22,10,0.37
35,2,22,10,0.37
35,3,22,10,0.372
35,4,22,10,0.356
35,5,22,10,0.378
35,6,22,10,0.363
35,7,22,10,0.375
35,8,22,10,0.373
35,9,22,10,0.369
35,10,22,10,0.354
36,1,22,10,0.544
36,2,22,10,0.543
36,3,22,10,0.545
36,4,22,10,0.54
36,5,22,10,0.559
36,6,22,10,0.544
36,7,22,10,0.544
36,8,22,10,0.548
36,9,22,10,0.544
36,10,22,10,0.546
37,1,22,10,0.286
37,2,22,10,0.29
37,3,22,10,0.298
37,4,22,10,0.299
37,5,22,10,0.296
37,6,22,10,0.293
37,7,22,10,0.301
37,8,22,10,0.293
37,9,22,10,0.299
37,10,22,10,0.297
38,1,22,10,0.463
38,2,22,10,0.47
38,3,22,10,0.463
38,4,22,10,0.478
38,5,22,10,0.468
38,6,22,10,0.47
38,7,22,10,0.464
38,8,22,10,0.474
38,9,22,10,0.47
38,10,22,10,0.466
39,1,22,10,0.48
39,2,22,10,0.502
39,3,22,10,0.479
39,4,22,10,0.496
39,5,22,10,0.479
39,6,22,10,0.492
39,7,22,10,0.486
39,8,22,10,0.488
39,9,22,10,0.486
39,10,22,10,0.482
40,1,22,10,0.168
40,2,22,10,0.169
40,3,22,10,0.165
40,4,22,10,0.173
40,5,22,10,0.161
40,6,22,10,0.159
40,7,22,10,0.159
40,8,22,10,0.175
40,9,22,10,0.164
40,10,22,10,0.168
41,1,22,10,0.354
41,2,22,10,0.361
41,3,22,10,0.35
41,4,22,10,0.344
41,5,22,10,0.356
41,6,22,10,0.357
41,7,22,10,0.36
41,8,22,10,0.357
41,9,22,10,0.349
41,10,22,10,0.345
42,1,22,10,0.482
42,2,22,10,0.483
42,3,22,10,0.473
42,4,22,10,0.501
42,5,22,10,0.492
42,6,22,10,0.481
42,7,22,10,0.481
42,8,22,10,0.485
42,9,22,10,0.473
42,10,22,10,0.491
43,1,22,10,0.339
43,2,22,10,0.341
43,3,22,10,0.347
43,4,22,10,0.356
43,5,22,10,0.352
43,6,22,10,0.346
43,7,22,10,0.35
43,8,22,10,0.346
43,9,22,10,0.356
43,10,22,10,0.345
44,1,22,10,0.6
44,2,22,10,0.597
44,3,22,10,0.595
44,4,22,10,0.605
44,5,22,10,0.611
44,6,22,10,0.595
44,7,22,10,0.602
44,8,22,10,0.599
44,9,22,10,0.594
44,10,22,10,0.608
45,1,22,10,0.421
45,2,22,10,0.429
45,3,22,10,0.427
45,4,22,10,0.427
45,5,22,10,0.427
45,6,22,10,0.426
45,7,22,10,0.429
45,8,22,10,0.438
45,9,22,10,0.425
45,10,22,10,0.419
46,1,22,10,0.462
46,2,22,10,0.461
46,3,22,10,0.472
46,4,22,10,0.475
46,5,22,10,0.463
46,6,22,10,0.463
46,7,22,10,0.459
46,8,22,10,0.466
46,9,22,10,0.463
46,10,22,10,0.471
1,1,22,10,0.245
1,2,22,10,0.129
1,3,22,10,0.18
1,4,22,10,0.153
1,5,22,10,0.176
1,6,22,10,0.141
1,7,22,10,0.18
1,8,22,10,0.191
1,9,22,10,0.212
1,10,22,10,0.129
2,1,22,10,0.212
2,2,22,10,0.209
2,3,22,10,0.216
2,4,22,10,0.208
2,5,22,10,0.224
2,6,22,10,0.218
2,7,22,10,0.209
1,1,25,10,0.441
1,2,25,10,0.448
1,3,25,10,0.439
1,4,25,10,0.43
1,5,25,10,0.441
1,6,25,10,0.439
1,7,25,10,0.436
1,8,25,10,0.444
1,9,25,10,0.454
1,10,25,10,0.448
2,1,25,10,0.221
2,2,25,10,0.217
2,3,25,10,0.224
2,4,25,10,0.214
2,5,25,10,0.233
2,6,25,10,0.224
2,7,25,10,0.216
2,8,25,10,0.213
2,9,25,10,0.225
2,10,25,10,0.225
3,1,25,10,0.265
3,2,25,10,0.286
3,3,25,10,0.269
3,4,25,10,0.272
3,5,25,10,0.276
3,6,25,10,0.287
3,7,25,10,0.271
3,8,25,10,0.28
3,9,25,10,0.271
3,10,25,10,0.274
4,1,25,10,0.274
4,2,25,10,0.29
4,3,25,10,0.275
4,4,25,10,0.275
4,5,25,10,0.273
4,6,25,10,0.274
4,7,25,10,0.272
4,8,25,10,0.28
4,9,25,10,0.274
4,10,25,10,0.279
5,1,25,10,0.459
5,2,25,10,0.446
5,3,25,10,0.459
5,4,25,10,0.453
5,5,25,10,0.453
5,6,25,10,0.454
5,7,25,10,0.452
5,8,25,10,0.454
5,9,25,10,0.446
5,10,25,10,0.461
6,1,25,10,0.467
6,2,25,10,0.473
6,3,25,10,0.459
6,4,25,10,0.469
6,5,25,10,0.466
6,6,25,10,0.463
6,7,25,10,0.471
6,8,25,10,0.479
6,9,25,10,0.48
6,10,25,10,0.469
7,1,25,10,0.36
7,2,25,10,0.359
7,3,25,10,0.359
7,4,25,10,0.379
7,5,25,10,0.346
7,6,25,10,0.35
7,7,25,10,0.369
7,8,25,10,0.354
7,9,25,10,0.367
7,10,25,10,0.348
8,1,25,10,0.499
8,2,25,10,0.488
8,3,25,10,0.494
8,4,25,10,0.491
8,5,25,10,0.49
8,6,25,10,0.487
8,7,25,10,0.496
8,8,25,10,0.485
8,9,25,10,0.493
8,10,25,10,0.496
9,1,25,10,0.471
9,2,25,10,0.471
9,3,25,10,0.482
9,4,25,10,0.472
9,5,25,10,0.476
9,6,25,10,0.481
9,7,25,10,0.469
9,8,25,10,0.468
9,9,25,10,0.476
9,10,25,10,0.467
10,1,25,10,0.389
10,2,25,10,0.404
10,3,25,10,0.381
10,4,25,10,0.4
10,5,25,10,0.391
10,6,25,10,0.392
10,7,25,10,0.387
10,8,25,10,0.4
10,9,25,10,0.39
10,10,25,10,0.387
11,1,25,10,0.464
11,2,25,10,0.461
11,3,25,10,0.462
11,4,25,10,0.465
11,5,25,10,0.462
11,6,25,10,0.474
11,7,25,10,0.465
11,8,25,10,0.473
11,9,25,10,0.476
11,10,25,10,0.473
12,1,25,10,0.236
12,2,25,10,0.229
12,3,25,10,0.239
12,4,25,10,0.237
12,5,25,10,0.232
12,6,25,10,0.237
12,7,25,10,0.23
12,8,25,10,0.236
12,9,25,10,0.245
12,10,25,10,0.229
13,1,25,10,0.223
13,2,25,10,0.226
13,3,25,10,0.215
13,4,25,10,0.219
13,5,25,10,0.222
13,6,25,10,0.241
13,7,25,10,0.219
13,8,25,10,0.21
13,9,25,10,0.222
13,10,25,10,0.223
14,1,25,10,0.364
14,2,25,10,0.374
14,3,25,10,0.38
14,4,25,10,0.382
14,5,25,10,0.352
14,6,25,10,0.375
14,7,25,10,0.363
14,8,25,10,0.362
14,9,25,10,0.36
14,10,25,10,0.363
15,1,25,10,0.208
15,2,25,10,0.206
15,3,25,10,0.186
15,4,25,10,0.19
15,5,25,10,0.196
15,6,25,10,0.182
15,7,25,10,0.193
15,8,25,10,0.199
15,9,25,10,0.207
15,10,25,10,0.189
16,1,25,10,0.332
16,2,25,10,0.326
16,3,25,10,0.327
16,4,25,10,0.33
16,5,25,10,0.322
16,6,25,10,0.329
16,7,25,10,0.333
16,8,25,10,0.328
16,9,25,10,0.301
16,10,25,10,0.321
17,1,25,10,0.31
17,2,25,10,0.305
17,3,25,10,0.305
17,4,25,10,0.309
17,5,25,10,0.297
17,6,25,10,0.304
17,7,25,10,0.302
17,8,25,10,0.294
17,9,25,10,0.297
17,10,25,10,0.291
18,1,25,10,0.55
18,2,25,10,0.547
18,3,25,10,0.541
18,4,25,10,0.551
18,5,25,10,0.548
18,6,25,10,0.54
18,7,25,10,0.545
18,8,25,10,0.541
18,9,25,10,0.545
18,10,25,10,0.553
19,1,25,10,0.555
19,2,25,10,0.557
19,3,25,10,0.564
19,4,25,10,0.541
19,5,25,10,0.56
19,6,25,10,0.553
19,7,25,10,0.562
19,8,25,10,0.565
19,9,25,10,0.567
19,10,25,10,0.562
20,1,25,10,0.642
20,2,25,10,0.628
20,3,25,10,0.639
20,4,25,10,0.636
20,5,25,10,0.645
20,6,25,10,0.636
20,7,25,10,0.634
20,8,25,10,0.632
20,9,25,10,0.639
20,10,25,10,0.629
21,1,25,10,0.245
21,2,25,10,0.245
21,3,25,10,0.252
21,4,25,10,0.255
21,5,25,10,0.242
21,6,25,10,0.239
21,7,25,10,0.248
21,8,25,10,0.248
21,9,25,10,0.251
21,10,25,10,0.255
22,1,25,10,0.4
22,2,25,10,0.404
22,3,25,10,0.396
22,4,25,10,0.394
22,5,25,10,0.403
22,6,25,10,0.407
22,7,25,10,0.402
22,8,25,10,0.395
22,9,25,10,0.41
22,10,25,10,0.4
23,1,25,10,0.491
23,2,25,10,0.505
23,3,25,10,0.489
23,4,25,10,0.494
23,5,25,10,0.495
23,6,25,10,0.491
23,7,25,10,0.489
23,8,25,10,0.491
23,9,25,10,0.496
23,10,25,10,0.495
24,1,25,10,0.191
24,2,25,10,0.188
24,3,25,10,0.187
24,4,25,10,0.19
24,5,25,10,0.191
24,6,25,10,0.194
24,7,25,10,0.195
24,8,25,10,0.195
24,9,25,10,0.186
24,10,25,10,0.197
25,1,25,10,0.407
25,2,25,10,0.401
25,3,25,10,0.392
25,4,25,10,0.407
25,5,25,10,0.396
25,6,25,10,0.402
25,7,25,10,0.397
25,8,25,10,0.406
25,9,25,10,0.403
25,10,25,10,0.411
26,1,25,10,0.577
26,2,25,10,0.582
26,3,25,10,0.581
26,4,25,10,0.584
26,5,25,10,0.583
26,6,25,10,0.584
26,7,25,10,0.582
26,8,25,10,0.58
26,9,25,10,0.576
26,10,25,10,0.581
27,1,25,10,0.444
27,2,25,10,0.441
27,3,25,10,0.435
27,4,25,10,0.448
27,5,25,10,0.436
27,6,25,10,0.435
27,7,25,10,0.441
27,8,25,10,0.447
27,9,25,10,0.442
27,10,25,10,0.441
28,1,25,10,0.381
28,2,25,10,0.375
28,3,25,10,0.388
28,4,25,10,0.383
28,5,25,10,0.381
28,6,25,10,0.364
28,7,25,10,0.382
28,8,25,10,0.382
28,9,25,10,0.381
28,10,25,10,0.368
29,1,25,10,0.38
29,2,25,10,0.383
29,3,25,10,0.383
29,4,25,10,0.388
29,5,25,10,0.384
29,6,25,10,0.38
29,7,25,10,0.381
29,8,25,10,0.394
29,9,25,10,0.38
29,10,25,10,0.382
30,1,25,10,0.34
30,2,25,10,0.344
30,3,25,10,0.364
30,4,25,10,0.36
30,5,25,10,0.361
30,6,25,10,0.347
30,7,25,10,0.343
30,8,25,10,0.362
30,9,25,10,0.353
30,10,25,10,0.362
31,1,25,10,0.497
31,2,25,10,0.489
31,3,25,10,0.494
31,4,25,10,0.485
31,5,25,10,0.502
31,6,25,10,0.496
31,7,25,10,0.499
31,8,25,10,0.497
31,9,25,10,0.495
31,10,25,10,0.498
32,1,25,10,0.589
32,2,25,10,0.585
32,3,25,10,0.585
32,4,25,10,0.588
32,5,25,10,0.587
32,6,25,10,0.589
32,7,25,10,0.597
32,8,25,10,0.596
32,9,25,10,0.596
32,10,25,10,0.587
33,1,25,10,0.347
33,2,25,10,0.349
33,3,25,10,0.351
33,4,25,10,0.343
33,5,25,10,0.355
33,6,25,10,0.349
33,7,25,10,0.356
33,8,25,10,0.36
33,9,25,10,0.365
33,10,25,10,0.34
34,1,25,10,0.467
34,2,25,10,0.475
34,3,25,10,0.477
34,4,25,10,0.485
34,5,25,10,0.474
34,6,25,10,0.474
34,7,25,10,0.473
34,8,25,10,0.469
34,9,25,10,0.47
34,10,25,10,0.466
35,1,25,10,0.354
35,2,25,10,0.358
35,3,25,10,0.362
35,4,25,10,0.347
35,5,25,10,0.367
35,6,25,10,0.351
35,7,25,10,0.363
35,8,25,10,0.363
35,9,25,10,0.356
35,10,25,10,0.343
36,1,25,10,0.527
36,2,25,10,0.528
36,3,25,10,0.528
36,4,25,10,0.525
36,5,25,10,0.541
36,6,25,10,0.528
36,7,25,10,0.529
36,8,25,10,0.533
36,9,25,10,0.53
36,10,25,10,0.529
37,1,25,10,0.289
37,2,25,10,0.293
37,3,25,10,0.302
37,4,25,10,0.302
37,5,25,10,0.299
37,6,25,10,0.296
37,7,25,10,0.304
37,8,25,10,0.296
37,9,25,10,0.302
37,10,25,10,0.298
38,1,25,10,0.463
38,2,25,10,0.47
38,3,25,10,0.465
38,4,25,10,0.477
38,5,25,10,0.468
38,6,25,10,0.47
38,7,25,10,0.465
38,8,25,10,0.473
38,9,25,10,0.471
38,10,25,10,0.467
39,1,25,10,0.46
39,2,25,10,0.481
39,3,25,10,0.457
39,4,25,10,0.475
39,5,25,10,0.46
39,6,25,10,0.47
39,7,25,10,0.468
39,8,25,10,0.465
39,9,25,10,0.463
39,10,25,10,0.462
40,1,25,10,0.173
40,2,25,10,0.174
40,3,25,10,0.169
40,4,25,10,0.177
40,5,25,10,0.167
40,6,25,10,0.165
40,7,25,10,0.164
40,8,25,10,0.177
40,9,25,10,0.168
40,10,25,10,0.173
41,1,25,10,0.351
41,2,25,10,0.358
41,3,25,10,0.347
41,4,25,10,0.342
41,5,25,10,0.353
41,6,25,10,0.353
41,7,25,10,0.358
41,8,25,10,0.355
41,9,25,10,0.346
41,10,25,10,0.345
42,1,25,10,0.459
42,2,25,10,0.46
42,3,25,10,0.45
42,4,25,10,0.482
42,5,25,10,0.468
42,6,25,10,0.462
42,7,25,10,0.456
42,8,25,10,0.461
42,9,25,10,0.452
42,10,25,10,0.47
43,1,25,10,0.335
43,2,25,10,0.333
43,3,25,10,0.34
43,4,25,10,0.351
43,5,25,10,0.347
43,6,25,10,0.34
43,7,25,10,0.344
43,8,25,10,0.341
43,9,25,10,0.351
43,10,25,10,0.342
44,1,25,10,0.597
44,2,25,10,0.594
44,3,25,10,0.593
44,4,25,10,0.602
44,5,25,10,0.609
44,6,25,10,0.593
44,7,25,10,0.599
44,8,25,10,0.597
44,9,25,10,0.593
44,10,25,10,0.605
45,1,25,10,0.419
45,2,25,10,0.427
45,3,25,10,0.422
45,4,25,10,0.425
45,5,25,10,0.424
45,6,25,10,0.425
45,7,25,10,0.426
45,8,25,10,0.434
45,9,25,10,0.422
45,10,25,10,0.419
46,1,25,10,0.465
46,2,25,10,0.461
46,3,25,10,0.472
46,4,25,10,0.472
46,5,25,10,0.465
46,6,25,10,0.466
46,7,25,10,0.462
46,8,25,10,0.468
46,9,25,10,0.463
46,10,25,10,0.471
1,1,33,10,0.004
2,1,33,10,0.01
3,1,33,10,0.004
4,1,33,10,0.011
5,1,33,10,0.005
6,1,33,10,0.009
7,1,33,10,0.014
8,1,33,10,0.004
9,1,33,10,0.014
10,1,33,10,0.007
11,1,33,10,0.006
12,1,33,10,0.007
13,1,33,10,0.001
14,1,33,10,0.018
15,1,33,10,0.005
16,1,33,10,0.01
17,1,33,10,0.01
18,1,33,10,0.011
19,1,33,10,0.007
20,1,33,10,0
21,1,33,10,0.003
22,1,33,10,0.005
23,1,33,10,0.005
24,1,33,10,0.006
25,1,33,10,0.011
26,1,33,10,0.005
27,1,33,10,0.012
28,1,33,10,0.013
29,1,33,10,0.007
30,1,33,10,0.017
31,1,33,10,0.014
32,1,33,10,0.007
33,1,33,10,0.016
34,1,33,10,0.005
35,1,33,10,0.015
36,1,33,10,0
37,1,33,10,0
38,1,33,10,0.005
39,1,33,10,0.001
40,1,33,10,0.002
41,1,33,10,0.008
42,1,33,10,0
43,1,33,10,0.002
44,1,33,10,0.007
45,1,33,10,0.016
46,1,33,10,0.01
1,2,331,10,0.008
1,3,331,10,0.006
1,4,331,10,0.002
1,5,331,10,0.004
2,2,331,10,0.01
2,3,331,10,0.013
2,4,331,10,0.018
2,5,331,10,0.004
3,2,331,10,0.009
3,3,331,10,0.011
3,4,331,10,0.005
3,5,331,10,0.009
4,2,331,10,0.007
4,3,331,10,0.009
4,4,331,10,0.014
4,5,331,10,0.008
5,2,331,10,0.013
5,3,331,10,0.007
5,4,331,10,0.013
5,5,331,10,0.007
6,2,331,10,0.008
6,3,331,10,0.015
6,4,331,10,0.004
6,5,331,10,0.006
7,2,331,10,0.012
7,3,331,10,0.001
7,4,331,10,0.009
7,5,331,10,0.007
8,2,331,10,0.006
8,3,331,10,0.005
8,4,331,10,0.001
8,5,331,10,0.012
9,2,331,10,0.001
9,3,331,10,0.012
9,4,331,10,0.007
9,5,331,10,0.003
10,2,331,10,0.008
10,3,331,10,0.002
10,4,331,10,0.006
10,5,331,10,0.005
11,2,331,10,0.017
11,3,331,10,0.003
11,4,331,10,0.004
11,5,331,10,0.004
12,2,331,10,0.015
12,3,331,10,0.008
12,4,331,10,0.014
12,5,331,10,0.013
13,2,331,10,0.001
13,3,331,10,0
13,4,331,10,0
13,5,331,10,0.001
14,2,331,10,0
14,3,331,10,0.008
14,4,331,10,0.007
14,5,331,10,0.006
15,2,331,10,0.003
15,3,331,10,0.013
15,4,331,10,0.005
15,5,331,10,0.012
16,2,331,10,0.012
16,3,331,10,0.003
16,4,331,10,0.001
16,5,331,10,0.004
17,2,331,10,0.005
17,3,331,10,0.009
17,4,331,10,0.003
17,5,331,10,0.006
18,2,331,10,0.011
18,3,331,10,0.01
18,4,331,10,0.014
18,5,331,10,0.012
19,2,331,10,0.003
19,3,331,10,0.006
19,4,331,10,0.01
19,5,331,10,0.007
20,2,331,10,0
20,3,331,10,0
20,4,331,10,0.006
20,5,331,10,0.001
21,2,331,10,0.004
21,3,331,10,0.015
21,4,331,10,0.005
21,5,331,10,0.003
22,2,331,10,0.007
22,3,331,10,0.006
22,4,331,10,0.015
22,5,331,10,0.012
23,2,331,10,0.008
23,3,331,10,0.004
23,4,331,10,0.007
23,5,331,10,0.011
24,2,331,10,0.001
24,3,331,10,0.001
24,4,331,10,0.01
24,5,331,10,0.001
25,2,331,10,0.009
25,3,331,10,0.005
25,4,331,10,0.004
25,5,331,10,0.004
26,2,331,10,0.006
26,3,331,10,0.003
26,4,331,10,0.005
26,5,331,10,0.007
27,2,331,10,0.017
27,3,331,10,0.007
27,4,331,10,0
27,5,331,10,0
28,2,331,10,0.01
28,3,331,10,0.009
28,4,331,10,0.008
28,5,331,10,0.009
29,2,331,10,0.005
29,3,331,10,0.008
29,4,331,10,0.007
29,5,331,10,0.004
30,2,331,10,0.015
30,3,331,10,0.007
30,4,331,10,0.01
30,5,331,10,0.012
31,2,331,10,0.01
31,3,331,10,0.011
31,4,331,10,0.006
31,5,331,10,0.011
32,2,331,10,0.009
32,3,331,10,0.013
32,4,331,10,0.003
32,5,331,10,0.004
33,2,331,10,0.005
33,3,331,10,0.01
33,4,331,10,0.005
33,5,331,10,0.007
34,2,331,10,0.014
34,3,331,10,0.005
34,4,331,10,0.016
34,5,331,10,0.012
35,2,331,10,0.009
35,3,331,10,0.002
35,4,331,10,0.015
35,5,331,10,0.001
36,2,331,10,0.001
36,3,331,10,0.008
36,4,331,10,0.007
36,5,331,10,0.001
37,2,331,10,0.006
37,3,331,10,0.012
37,4,331,10,0.014
37,5,331,10,0.001
38,2,331,10,0.012
38,3,331,10,0.003
38,4,331,10,0.005
38,5,331,10,0.005
39,2,331,10,0.001
39,3,331,10,0.001
39,4,331,10,0.001
39,5,331,10,0.001
40,2,331,10,0.003
40,3,331,10,0.006
40,4,331,10,0.013
40,5,331,10,0.006
41,2,331,10,0.016
41,3,331,10,0.006
41,4,331,10,0.004
41,5,331,10,0.005
42,2,331,10,0.001
42,3,331,10,0.001
42,4,331,10,0.001
42,5,331,10,0.001
43,2,331,10,0.009
43,3,331,10,0.002
43,4,331,10,0.013
43,5,331,10,0.004
44,2,331,10,0.008
44,3,331,10,0.013
44,4,331,10,0
44,5,331,10,0.003
45,2,331,10,0.007
45,3,331,10,0.01
45,4,331,10,0.01
45,5,331,10,0.007
46,2,331,10,0.004
46,3,331,10,0.004
46,4,331,10,0.018
46,5,331,10,0.004
1,2,331,10,0.004
1,3,331,10,0.002
1,4,331,10,0.005
1,5,331,10,0.007
2,2,331,10,0.001
2,3,331,10,0.009
2,4,331,10,0.01
2,5,331,10,0.007
3,2,331,10,0.003
3,3,331,10,0.003
3,4,331,10,0.01
3,5,331,10,0.006
4,2,331,10,0.007
4,3,331,10,0.009
4,4,331,10,0.016
4,5,331,10,0.009
5,2,331,10,0.008
5,3,331,10,0.009
5,4,331,10,0.006
5,5,331,10,0.016
6,2,331,10,0.013
6,3,331,10,0.011
6,4,331,10,0.005
6,5,331,10,0.01
7,2,331,10,0.012
7,3,331,10,0.009
7,4,331,10,0.006
7,5,331,10,0.006
8,2,331,10,0.005
8,3,331,10,0.002
8,4,331,10,0.004
8,5,331,10,0.004
9,2,331,10,0.012
9,3,331,10,0.006
9,4,331,10,0.003
9,5,331,10,0.003
10,2,331,10,0.005
10,3,331,10,0.006
10,4,331,10,0.004
10,5,331,10,0.005
11,2,331,10,0.006
11,3,331,10,0.006
11,4,331,10,0.009
11,5,331,10,0.004
12,2,331,10,0.014
12,3,331,10,0.004
12,4,331,10,0.015
12,5,331,10,0.01
13,2,331,10,0
13,3,331,10,0.001
13,4,331,10,0.001
13,5,331,10,0.002
14,2,331,10,0.009
14,3,331,10,0.007
14,4,331,10,0.013
14,5,331,10,0.02
15,2,331,10,0.007
15,3,331,10,0.005
15,4,331,10,0.003
15,5,331,10,0.009
16,2,331,10,0.004
16,3,331,10,0.015
16,4,331,10,0.005
16,5,331,10,0.004
17,2,331,10,0.005
17,3,331,10,0.003
17,4,331,10,0.004
17,5,331,10,0.003
18,2,331,10,0.012
18,3,331,10,0.006
18,4,331,10,0.006
18,5,331,10,0.02
19,2,331,10,0.003
19,3,331,10,0.011
19,4,331,10,0.009
19,5,331,10,0.009
20,2,331,10,0
20,3,331,10,0.001
20,4,331,10,0
20,5,331,10,0
21,2,331,10,0.01
21,3,331,10,0.004
21,4,331,10,0.005
21,5,331,10,0.011
22,2,331,10,0.012
22,3,331,10,0.004
22,4,331,10,0.007
22,5,331,10,0.004
23,2,331,10,0.001
23,3,331,10,0.001
23,4,331,10,0.005
23,5,331,10,0.005
24,2,331,10,0.001
24,3,331,10,0.01
24,4,331,10,0.003
24,5,331,10,0.006
25,2,331,10,0.004
25,3,331,10,0.003
25,4,331,10,0.005
25,5,331,10,0.015
26,2,331,10,0.003
26,3,331,10,0.003
26,4,331,10,0.021
26,5,331,10,0.009
27,2,331,10,0.011
27,3,331,10,0.001
27,4,331,10,0.003
27,5,331,10,0.015
28,2,331,10,0.023
28,3,331,10,0.013
28,4,331,10,0.013
28,5,331,10,0.012
29,2,331,10,0.002
29,3,331,10,0.014
29,4,331,10,0.014
29,5,331,10,0.009
30,2,331,10,0.022
30,3,331,10,0.007
30,4,331,10,0.012
30,5,331,10,0.015
31,2,331,10,0.005
31,3,331,10,0.006
31,4,331,10,0.01
31,5,331,10,0.022
32,2,331,10,0.008
32,3,331,10,0.007
32,4,331,10,0.003
32,5,331,10,0.002
33,2,331,10,0.008
33,3,331,10,0.007
33,4,331,10,0.005
33,5,331,10,0.011
34,2,331,10,0.007
34,3,331,10,0.004
34,4,331,10,0.018
34,5,331,10,0.005
35,2,331,10,0.001
35,3,331,10,0.01
35,4,331,10,0.003
35,5,331,10,0.005
36,2,331,10,0.008
36,3,331,10,0.002
36,4,331,10,0
36,5,331,10,0.002
37,2,331,10,0.007
37,3,331,10,0.003
37,4,331,10,0.004
37,5,331,10,0.005
38,2,331,10,0.004
38,3,331,10,0.004
38,4,331,10,0.008
38,5,331,10,0.004
39,2,331,10,0.001
39,3,331,10,0.002
39,4,331,10,0.001
39,5,331,10,0.001
40,2,331,10,0.014
40,3,331,10,0.005
40,4,331,10,0.004
40,5,331,10,0.005
41,2,331,10,0.009
41,3,331,10,0.007
41,4,331,10,0.008
41,5,331,10,0.011
42,2,331,10,0.001
42,3,331,10,0.001
42,4,331,10,0
42,5,331,10,0.001
43,2,331,10,0.005
43,3,331,10,0.003
43,4,331,10,0.009
43,5,331,10,0.004
44,2,331,10,0.001
44,3,331,10,0.008
44,4,331,10,0.001
44,5,331,10,0.012
45,2,331,10,0.014
45,3,331,10,0.002
45,4,331,10,0.013
45,5,331,10,0.009
46,2,331,10,0.01
46,3,331,10,0.002
46,4,331,10,0.001
46,5,331,10,0.013
1,1,331,10,0
2,1,331,10,0
3,1,331,10,0.001
4,1,331,10,0.004
5,1,331,10,0
6,1,331,10,0.001
7,1,331,10,0.003
8,1,331,10,0.002
9,1,331,10,0.004
10,1,331,10,0.005
11,1,331,10,0.003
12,1,331,10,0
13,1,331,10,0.002
14,1,331,10,0.002
15,1,331,10,0
16,1,331,10,0.003
17,1,331,10,0.001
18,1,331,10,0.007
19,1,331,10,0.014
20,1,331,10,0.004
21,1,331,10,0.002
22,1,331,10,0.001
23,1,331,10,0.001
24,1,331,10,0
25,1,331,10,0.001
26,1,331,10,0
27,1,331,10,0
28,1,331,10,0.003
29,1,331,10,0.006
30,1,331,10,0.003
31,1,331,10,0.002
32,1,331,10,0.001
33,1,331,10,0.009
34,1,331,10,0.001
35,1,331,10,0
36,1,331,10,0.002
37,1,331,10,0.004
38,1,331,10,0.002
39,1,331,10,0.002
40,1,331,10,0.006
41,1,331,10,0.001
42,1,331,10,0.001
43,1,331,10,0.003
44,1,331,10,0.005
45,1,331,10,0.002
46,1,331,10,0.006
1,1,4,10,0.639
2,1,4,10,0.074
3,1,4,10,0.113
4,1,4,10,0.133
5,1,4,10,0.258
6,1,4,10,0.327
7,1,4,10,0.146
8,1,4,10,0.317
9,1,4,10,0.277
10,1,4,10,0.211
11,1,4,10,0.276
12,1,4,10,0.114
13,1,4,10,0.076
14,1,4,10,0.234
15,1,4,10,0.087
16,1,4,10,0.12
17,1,4,10,0.128
18,1,4,10,0.36
19,1,4,10,0.374
20,1,4,10,0.531
21,1,4,10,0.102
22,1,4,10,0.187
23,1,4,10,0.409
24,1,4,10,0.079
25,1,4,10,0.216
26,1,4,10,0.422
27,1,4,10,0.31
28,1,4,10,0.185
29,1,4,10,0.199
30,1,4,10,0.176
31,1,4,10,0.326
32,1,4,10,0.417
33,1,4,10,0.23
34,1,4,10,0.44
35,1,4,10,0.215
36,1,4,10,0.326
37,1,4,10,0.152
38,1,4,10,0.282
39,1,4,10,0.379
40,1,4,10,0.059
41,1,4,10,0.203
42,1,4,10,0.368
43,1,4,10,0.211
44,1,4,10,0.473
45,1,4,10,0.18
46,1,4,10,0.316
